{
    "5-way 3-shot 0-repeat": 0.39559999999999995,
    "5-way 3-shot 1-repeat": 0.4332000000000001,
    "5-way 3-shot": 0.4144,
    "5-way 3-shot_print": "acc: 0.4144",
    "5-way 5-shot 0-repeat": 0.41840000000000005,
    "5-way 5-shot 1-repeat": 0.41720000000000007,
    "5-way 5-shot": 0.41780000000000006,
    "5-way 5-shot_print": "acc: 0.4178"
}