{
    "5-way 3-shot 0-repeat": 0.6964,
    "5-way 3-shot 1-repeat": 0.7228,
    "5-way 5-shot 0-repeat": 0.7752000000000001,
    "5-way 5-shot 1-repeat": 0.75,
    "5-way 5-shot": 0.7626000000000001,
    "5-way 5-shot_print": "acc: 0.7626",
    "10-way 3-shot 0-repeat": 0.6178,
    "10-way 3-shot 1-repeat": 0.5886,
    "10-way 5-shot 0-repeat": 0.5413999999999999,
    "10-way 5-shot 1-repeat": 0.6136,
    "10-way 5-shot": 0.5774999999999999,
    "10-way 5-shot_print": "acc: 0.5775"
}